customer_id,first,last,email,telephone,called
1,Linda,Garrett,julia@roomm.gov,8-(184)172-2138,
2,Annie,Fernandez,frances@cogidoo.name,5-(945)244-4517,
3,Jessica,Nelson,donna@eamia.mil,4-(090)207-5770,
4,Debra,Nguyen,lisa@flashpoint.edu,0-(668)643-4925,
5,Jean,Simpson,beverly@browsebug.org,2-(558)488-8815,
6,Annie,Daniels,brenda@lazz.org,3-(836)804-8039,
7,Melissa,Taylor,diana@dablist.name,9-(963)961-1253,
8,Carol,Murphy,linda@kazu.edu,0-(066)416-0136,03/25/2014
9,Debra,Phillips,betty@trilia.mil,3-(765)021-3258,
10,Brenda,Robinson,nicole@shufflester.biz,9-(278)088-0665,
11,Sharon,Porter,emily@chatterpoint.gov,7-(245)234-1200,
12,Karen,Reed,betty@livepath.gov,1-(173)524-2426,
13,Anna,Taylor,cynthia@rhyzio.name,2-(969)007-3608,
14,Laura,Fields,marilyn@twimm.com,1-(956)675-2844,
15,Rachel,Davis,marie@livefish.net,2-(211)323-1302,
16,Nancy,Mitchell,linda@realbuzz.info,8-(893)274-2122,
17,Gloria,Bailey,katherine@twimbo.gov,3-(443)988-3298,
18,Mary,Sanders,christine@skimia.name,9-(484)177-4927,
19,Laura,Carroll,gloria@muxo.biz,3-(517)997-6732,
20,Donna,Collins,jean@innotype.info,5-(149)585-8606,
21,Amanda,Cole,lori@meedoo.info,7-(002)219-2297,
22,Sandra,Jordan,lillian@flashset.gov,2-(560)930-8377,05/14/2014
23,Louise,Nelson,karen@devbug.gov,4-(729)010-7605,
24,Janice,Collins,joan@vinte.info,4-(723)951-4631,
25,Kimberly,Montgomery,annie@rhybox.mil,7-(079)328-3888,04/22/2014
26,Brenda,Crawford,theresa@roomm.biz,4-(887)025-5214,
27,Ann,Bennett,ashley@zoombox.biz,2-(467)455-2928,
28,Sarah,Payne,alice@realcube.net,0-(452)338-4442,
29,Patricia,Ross,melissa@tagcat.edu,8-(023)041-2805,
30,Cheryl,Cruz,dorothy@skajo.edu,8-(348)583-8834,
31,Kathy,Richardson,judith@quinu.mil,0-(590)089-4057,
32,Marilyn,Adams,dorothy@eamia.com,4-(446)988-0148,03/29/2014
33,Patricia,Garcia,louise@divape.net,2-(925)387-8391,05/16/2014
34,Doris,Dunn,kathleen@zoombeat.name,2-(172)148-2467,
35,Elizabeth,Warren,lois@rhynoodle.org,2-(765)942-6580,
36,Anna,Rose,janet@dynazzy.mil,8-(680)309-3643,
37,Judy,Bell,ruth@aivee.name,1-(727)884-3282,
38,Anne,Williamson,nicole@talane.org,5-(249)253-9967,
39,Sharon,Duncan,diane@photojam.info,6-(263)449-8764,
40,Brenda,Crawford,robin@devpulse.info,0-(920)177-2687,
41,Ruby,Wells,ruth@omba.mil,0-(265)482-3693,05/19/2014
42,Kelly,Henderson,jessica@geba.name,4-(216)237-4949,
43,Christina,Phillips,kathy@meedoo.biz,0-(349)744-2209,
44,Judy,Gilbert,nicole@voonix.info,5-(853)169-8697,
45,Lori,Roberts,maria@jumpxs.org,2-(690)177-5551,
46,Norma,Cole,elizabeth@tazz.edu,7-(913)512-2782,
47,Christine,Reynolds,lillian@gabvine.name,6-(605)786-3416,04/14/2014
48,Rachel,Armstrong,ruby@browsedrive.biz,4-(379)569-4331,
49,Doris,Banks,lisa@meedoo.info,9-(793)131-3018,
50,Nicole,Long,sarah@topicshots.com,8-(240)190-7050,
51,Denise,Ramos,doris@skyndu.info,1-(735)516-2876,
52,Evelyn,Webb,carol@photolist.biz,4-(482)614-9348,
53,Sharon,Meyer,cynthia@devify.biz,4-(162)652-4727,
54,Rose,Gutierrez,sandra@topiclounge.info,5-(810)116-8339,
55,Catherine,Henderson,lillian@skimia.com,1-(612)689-1223,
56,Ann,Banks,maria@blogtag.name,7-(600)062-4593,
57,Doris,Johnson,karen@shufflester.com,8-(096)131-8567,
58,Heather,Ruiz,martha@wikido.biz,9-(073)455-4206,05/04/2014
59,Jessica,Perez,tammy@oodoo.info,2-(307)928-4294,
60,Ann,Bishop,kimberly@browsebug.name,7-(052)427-6840,
61,Emily,Stewart,brenda@edgepulse.biz,7-(135)486-9810,
62,Rachel,Cunningham,amanda@youspan.net,5-(617)359-3250,
63,Michelle,Daniels,stephanie@youbridge.biz,5-(543)131-7770,
64,Jean,Gray,lois@flashset.edu,7-(573)136-7299,
65,Ann,Roberts,elizabeth@geba.com,8-(055)327-7499,04/24/2014
66,Julia,Matthews,rose@centizu.biz,4-(022)217-6656,
67,Melissa,Dean,angela@edgeblab.name,2-(996)601-7915,
68,Linda,Fisher,robin@oba.gov,4-(767)038-9616,
69,Marilyn,Rogers,jane@skyvu.org,3-(459)296-2936,
70,Heather,Mills,theresa@dabtype.org,0-(416)102-5346,04/15/2014
71,Sharon,Rose,jacqueline@wordtune.net,5-(670)015-4044,
72,Wanda,Crawford,barbara@brainverse.biz,4-(459)280-9548,04/17/2014
73,Jessica,Nelson,ruby@browsebug.gov,6-(059)878-2593,
74,Michelle,Matthews,jennifer@myworks.org,1-(336)594-1877,
75,Lisa,Perkins,julie@npath.org,5-(140)121-3756,
76,Lois,Garcia,rebecca@yakijo.net,7-(393)270-0085,
77,Jennifer,Butler,tina@livepath.mil,0-(267)897-9258,
78,Bonnie,Oliver,nancy@katz.edu,3-(730)767-3767,
79,Cynthia,Lawrence,helen@thoughtbeat.org,9-(404)489-7655,
80,Margaret,Harvey,lillian@dabshots.biz,3-(805)371-6808,05/11/2014
81,Annie,Lynch,michelle@feedspan.biz,4-(404)688-0610,04/05/2014
82,Christina,Ray,carolyn@edgeify.net,1-(947)767-0649,
83,Heather,Rivera,tina@flashspan.name,8-(759)694-8487,
84,Phyllis,Burke,brenda@bluejam.name,4-(187)720-0914,
85,Jacqueline,Myers,pamela@edgetag.biz,5-(595)579-5398,
86,Debra,Mitchell,phyllis@agivu.gov,0-(649)638-8039,
87,Ruby,Spencer,linda@twitterwire.mil,2-(355)638-4423,
88,Patricia,Walker,norma@realfire.com,3-(578)612-9023,
89,Maria,Robinson,lillian@wordtune.edu,0-(431)994-7845,
90,Janice,Ryan,sara@topiczoom.edu,3-(646)004-3885,
91,Beverly,Burton,robin@cogilith.gov,6-(385)491-3389,
92,Kathryn,Powell,cynthia@agimba.gov,2-(779)177-7330,
93,Jessica,Cook,sharon@topiczoom.biz,1-(216)212-4480,
94,Annie,Martin,tina@zoomlounge.org,8-(147)358-5153,
95,Jane,Gonzalez,bonnie@voonyx.org,3-(256)155-3030,
96,Julie,Garza,diane@oyoyo.com,7-(575)286-0651,04/06/2014
97,Deborah,West,ann@rhycero.info,1-(856)033-4305,
98,Rebecca,Crawford,bonnie@flashspan.name,0-(497)204-9976,
99,Janice,Carroll,kathleen@feedmix.org,8-(468)059-7360,
100,Brenda,Johnston,sarah@geba.com,2-(975)364-0577,04/14/2014
101,Christine,Long,deborah@kwideo.org,7-(171)293-3466,
102,Annie,Gibson,theresa@quire.biz,5-(541)062-1727,
103,Mary,Jones,rachel@topiczoom.org,0-(880)415-3756,
104,Bonnie,Lewis,ruby@demivee.mil,7-(824)746-5255,
105,Nicole,Garza,mary@skyba.info,1-(536)215-7681,
106,Catherine,Smith,barbara@vitz.org,1-(241)684-6581,
107,Kathryn,Gilbert,andrea@jaloo.edu,1-(164)780-5707,
108,Kathy,Simpson,donna@cogibox.edu,0-(417)438-2791,
109,Diana,Weaver,maria@meeveo.org,4-(200)477-6120,
110,Michelle,Wood,irene@myworks.name,3-(918)386-3623,
111,Robin,Fisher,robin@quamba.mil,7-(643)874-8047,
112,Ann,Jordan,marie@ozu.name,8-(602)454-9317,04/24/2014
113,Julia,Freeman,sandra@abata.org,4-(400)418-0588,
114,Barbara,Mitchell,debra@kazu.info,4-(967)555-0735,
115,Andrea,Austin,alice@edgewire.mil,3-(430)704-3743,
116,Janet,Jacobs,christine@twimm.com,4-(995)659-6311,
117,Janice,Martinez,phyllis@browsedrive.mil,3-(830)415-9733,
118,Margaret,Burns,carolyn@kaymbo.info,7-(913)792-1974,
119,Sandra,Brown,melissa@browsetype.com,5-(953)413-1195,04/25/2014
120,Kathryn,Olson,karen@photobug.info,6-(801)840-1040,
121,Kelly,Porter,denise@rhybox.biz,5-(201)866-3109,
122,Angela,Rodriguez,virginia@twitterlist.info,1-(209)762-1027,
123,Karen,Daniels,anna@vinder.gov,9-(199)255-3035,
124,Katherine,Howard,jean@thoughtbridge.edu,6-(240)036-8539,
125,Judy,Diaz,barbara@muxo.mil,2-(668)615-3540,
126,Marie,Nelson,shirley@dynabox.mil,2-(790)675-7144,
127,Janet,Wallace,wanda@wikizz.edu,8-(708)268-2617,
128,Janice,Washington,emily@skilith.info,8-(679)746-0280,
129,Gloria,Hansen,rebecca@oozz.info,6-(890)577-9793,
130,Doris,Freeman,barbara@jatri.edu,4-(240)260-0400,
131,Mary,Martin,maria@brightdog.com,4-(846)664-5145,04/24/2014
132,Denise,Collins,annie@zoomcast.biz,4-(353)241-0623,
133,Katherine,Cox,kathleen@gabcube.edu,7-(362)641-5677,
134,Judith,Harris,phyllis@quatz.net,5-(270)412-3528,
135,Sharon,Ross,wanda@oloo.name,3-(794)639-1053,
136,Pamela,George,phyllis@trupe.biz,2-(985)377-0778,
137,Stephanie,Pierce,carol@skyndu.net,4-(713)382-3856,
138,Emily,Montgomery,wanda@twitterbeat.biz,1-(662)381-9527,
139,Robin,White,gloria@dabz.edu,4-(647)111-6403,05/10/2014
140,Frances,Wood,kathryn@livez.net,8-(223)451-0919,05/13/2014
141,Frances,Hill,sarah@shuffledrive.name,1-(498)541-3082,
142,Rachel,Stewart,margaret@avamba.com,0-(556)418-1467,
143,Ruby,Long,doris@oyoloo.edu,4-(279)286-5721,
144,Andrea,Kennedy,ruby@zoozzy.biz,5-(635)990-6742,
145,Wanda,Andrews,doris@geba.com,4-(332)556-5035,
146,Karen,Gardner,martha@skaboo.gov,3-(203)614-9127,04/03/2014
147,Julie,Wagner,christina@talane.biz,6-(967)475-1750,04/28/2014
148,Jean,Bishop,rose@fiveclub.net,2-(333)275-8614,
149,Pamela,Palmer,maria@thoughtmix.mil,5-(218)940-6068,
150,Amy,Wheeler,andrea@skalith.gov,7-(161)349-8942,
151,Ashley,Lane,catherine@blogspan.name,4-(398)840-8718,
152,Martha,Porter,jane@photolist.gov,6-(158)142-4750,
153,Kelly,Wallace,janice@zoovu.gov,2-(064)369-0993,04/10/2014
154,Patricia,Garrett,shirley@dynava.mil,9-(930)259-7980,
155,Amy,Rivera,lois@aibox.org,4-(199)515-6230,
156,Cynthia,Murray,judith@yotz.net,3-(973)806-6092,
157,Carol,West,annie@eadel.info,3-(662)479-0370,
158,Bonnie,Oliver,patricia@kimia.info,2-(585)846-3013,
159,Kelly,Carpenter,beverly@yoveo.mil,7-(658)410-5208,
160,Alice,Payne,maria@babbleset.info,9-(964)798-7863,
161,Ashley,Kim,mildred@gevee.mil,2-(465)659-7317,
162,Joan,Harrison,virginia@voonix.org,1-(623)455-9522,
163,Sandra,Ross,diane@skibox.gov,3-(993)960-5065,05/10/2014
164,Beverly,Owens,irene@blogtags.info,1-(692)161-0645,
165,Julie,Sanders,linda@thoughtworks.info,1-(720)323-9230,
166,Melissa,Cole,gloria@eire.gov,3-(906)488-8471,
167,Melissa,Wheeler,marie@fliptune.org,6-(492)410-8903,
168,Rose,Vasquez,marie@yadel.mil,7-(365)430-6089,
169,Joyce,Wagner,ruby@digitube.name,6-(195)481-3374,
170,Patricia,Foster,lillian@nlounge.net,6-(503)437-4514,
171,Julie,Taylor,jennifer@bubblebox.mil,6-(140)207-4564,04/07/2014
172,Phyllis,Porter,virginia@rhyloo.gov,7-(135)516-7653,
173,Bonnie,Ellis,julie@lazz.edu,7-(698)848-6975,
174,Barbara,Fuller,phyllis@jayo.biz,9-(572)437-8935,
175,Mildred,Cox,jacqueline@dabfeed.net,2-(264)452-7336,
176,Jean,Tucker,louise@shuffletag.edu,1-(719)563-0063,
177,Theresa,Wagner,deborah@zooveo.com,4-(066)846-4624,
178,Joyce,Ruiz,michelle@skyble.org,1-(864)610-0481,
179,Stephanie,Frazier,ann@roodel.edu,5-(103)768-0060,
180,Angela,Berry,barbara@youbridge.com,9-(691)561-2996,
181,Mildred,Jordan,beverly@riffwire.org,9-(604)821-6513,
182,Joan,Mason,andrea@trilia.net,6-(478)072-7028,
183,Paula,Harper,mildred@meejo.gov,3-(091)651-7623,
184,Diane,Lopez,joyce@katz.biz,4-(213)766-0595,
185,Stephanie,Bell,ruby@wikizz.org,1-(771)689-4217,05/06/2014
186,Christine,Gomez,michelle@skinte.edu,3-(872)779-1398,
187,Diane,Smith,judith@skimia.name,6-(466)776-9858,
188,Marilyn,Harvey,rebecca@photospace.mil,1-(949)242-2652,
189,Diane,Watkins,katherine@digitube.org,4-(839)742-2830,
190,Jacqueline,Martinez,nicole@youspan.gov,9-(009)713-9580,
191,Helen,Harvey,karen@eare.biz,5-(552)359-6218,
192,Marilyn,Larson,debra@trilith.info,4-(364)327-8448,
193,Shirley,Jones,nicole@youfeed.gov,4-(543)810-2732,
194,Jennifer,Rice,debra@layo.edu,7-(282)329-7972,
195,Nicole,Ferguson,wanda@thoughtstorm.gov,6-(445)477-2643,
196,Sara,Moore,pamela@wikivu.biz,3-(527)227-1663,
197,Amy,Kelly,patricia@pixoboo.edu,6-(698)348-8009,
198,Stephanie,Harris,rebecca@shuffletag.org,3-(867)565-9923,
199,Laura,Wright,donna@abatz.info,9-(635)341-3547,
200,Catherine,Gonzales,jennifer@flipstorm.gov,8-(778)994-8788,
201,Ann,Olson,mary@dynabox.name,8-(539)909-4166,
202,Linda,Simmons,ruby@edgetag.biz,2-(487)556-9435,
203,Alice,Jenkins,kathryn@gigashots.mil,7-(002)132-3348,05/11/2014
204,Frances,Pierce,denise@trunyx.org,5-(593)477-9887,
205,Martha,Ford,lois@fivechat.biz,8-(818)105-8006,
206,Margaret,Patterson,stephanie@gigabox.gov,3-(551)028-3169,
207,Linda,Campbell,linda@edgepulse.net,7-(999)590-7128,
208,Jessica,Romero,doris@mynte.info,2-(239)907-2809,
209,Kathryn,Ruiz,helen@jabbertype.org,8-(526)701-4913,
210,Carolyn,Smith,christine@layo.edu,9-(746)078-7427,
211,Linda,Hall,judith@realfire.com,7-(150)916-0619,
212,Stephanie,Jacobs,rachel@quinu.biz,7-(845)451-8065,
213,Frances,Mccoy,sharon@mybuzz.net,0-(240)880-9340,
214,Theresa,Ramirez,diana@livepath.info,1-(998)429-9175,
215,Amanda,Spencer,margaret@devcast.gov,7-(101)976-1262,
216,Debra,Henderson,judy@abatz.mil,1-(519)315-6934,
217,Denise,Lawson,evelyn@wikivu.org,7-(939)935-3461,05/10/2014
218,Anna,Flores,jacqueline@vitz.gov,1-(234)128-5847,
219,Frances,Burns,betty@agimba.net,9-(103)055-5908,
220,Heather,Day,louise@linkbuzz.edu,0-(566)639-6773,
221,Louise,Phillips,karen@browsezoom.com,7-(034)471-7009,
222,Angela,Cole,julia@wordify.gov,5-(873)285-1025,
223,Jessica,Hill,kimberly@ailane.net,3-(551)296-7977,
224,Evelyn,Reed,jennifer@leenti.edu,5-(394)383-4127,
225,Julia,Mcdonald,gloria@oyoloo.org,2-(929)931-8476,
226,Mary,Hansen,evelyn@omba.edu,5-(183)701-9424,
227,Joyce,Powell,julie@jabbertype.mil,4-(063)003-6358,
228,Christina,Harrison,irene@meemm.info,9-(664)991-1596,
229,Annie,Cruz,frances@kazio.name,1-(192)601-4426,
230,Robin,Washington,donna@topicstorm.biz,0-(264)841-5674,
231,Mary,Brown,cheryl@lajo.com,9-(637)624-8600,
232,Lillian,Sanchez,carol@demizz.com,6-(154)451-2302,05/19/2014
233,Sandra,Carpenter,phyllis@yabox.info,7-(076)100-6773,
234,Julie,Wagner,maria@photolist.name,7-(850)200-7163,
235,Amanda,Fox,kathy@innojam.edu,7-(353)571-1460,
236,Michelle,Cox,lillian@centimia.com,3-(268)561-1617,
237,Laura,Hansen,sharon@einti.info,5-(792)407-2393,
238,Sara,Myers,robin@pixope.name,1-(352)541-4543,
239,Julie,Fowler,lillian@leexo.biz,0-(862)041-7495,
240,Pamela,Gonzalez,linda@centizu.gov,7-(221)704-6790,
241,Amy,Parker,kathleen@skinder.info,0-(288)892-6228,04/02/2014
242,Mildred,Gonzales,beverly@flipopia.edu,3-(126)449-4773,
243,Bonnie,Freeman,donna@blogpad.gov,5-(955)969-4037,
244,Mildred,Rivera,phyllis@mycat.com,3-(365)886-2119,
245,Betty,Carroll,theresa@skyba.mil,2-(528)844-2684,
246,Nancy,Stanley,rebecca@devcast.edu,1-(424)790-4017,
247,Sharon,Gonzales,amanda@youtags.org,9-(071)632-0095,
248,Angela,Barnes,dorothy@wordware.mil,5-(909)076-4281,
249,Diana,Reyes,alice@thoughtbridge.info,2-(124)784-2383,
250,Beverly,Cook,elizabeth@cogidoo.org,8-(353)019-6016,
251,Emily,Burton,jean@livetube.net,9-(492)374-2763,
252,Joan,Davis,cynthia@izio.name,9-(844)968-1568,
253,Joyce,Owens,lori@plambee.edu,7-(069)157-1953,
254,Jane,Fisher,jean@teklist.biz,6-(127)049-9956,
255,Jacqueline,Robertson,julie@yotz.com,2-(507)377-7680,
256,Mary,Ramos,mildred@quimba.org,6-(488)885-7360,
257,Denise,Ramos,barbara@tanoodle.edu,9-(412)841-3745,05/04/2014
258,Virginia,Anderson,irene@wikido.name,5-(400)558-0390,
259,Joyce,Shaw,lisa@photolist.net,1-(980)095-7499,05/01/2014
260,Rebecca,Parker,virginia@voonix.gov,5-(672)407-5637,
261,Nancy,Owens,frances@zoonoodle.biz,5-(323)730-9570,
262,Pamela,Mills,marilyn@topicstorm.info,9-(123)081-9519,
263,Amanda,Moreno,rachel@chatterpoint.edu,8-(395)434-0786,
264,Sara,Collins,elizabeth@skinder.org,4-(640)242-5044,
265,Irene,Burns,robin@zooveo.org,5-(766)403-3493,
266,Marie,Williams,doris@yambee.gov,0-(173)165-4085,
267,Cynthia,Mason,helen@wikivu.info,0-(042)973-7850,
268,Karen,Perez,sharon@riffpedia.mil,3-(834)467-0507,
269,Martha,Torres,stephanie@zoovu.info,1-(692)865-7117,
270,Denise,Armstrong,brenda@realmix.com,9-(642)158-2776,
271,Anna,Clark,amanda@wikizz.info,9-(704)841-8070,
272,Lori,Barnes,sarah@babbleset.gov,1-(562)597-9944,
273,Maria,Willis,christine@teklist.edu,0-(730)401-1516,
274,Michelle,Thomas,teresa@quimba.info,4-(314)437-4970,
275,Marilyn,Lawrence,margaret@fivechat.com,1-(592)571-5951,
276,Anne,Young,sharon@twitterbridge.org,8-(671)274-7507,
277,Virginia,Cook,angela@vinder.gov,1-(179)178-2372,04/13/2014
278,Patricia,Diaz,ann@twitterlist.gov,5-(060)066-8341,
279,Tammy,Berry,sharon@oyondu.gov,8-(323)952-5229,
280,Maria,Parker,shirley@trilith.mil,2-(256)959-7877,
281,Rose,Pierce,janice@kayveo.mil,8-(276)649-7440,
282,Sara,Dixon,angela@browsebug.name,7-(753)894-2082,
283,Joyce,Welch,elizabeth@kayveo.mil,3-(823)508-4462,
284,Alice,Hansen,elizabeth@twitterworks.biz,1-(502)400-1434,05/16/2014
285,Mary,Holmes,cheryl@meeveo.edu,4-(433)215-3687,
286,Laura,Cruz,sarah@jabbersphere.com,6-(272)120-4898,
287,Ruby,Black,kathleen@oyonder.net,3-(230)842-9968,
288,Joan,Griffin,elizabeth@shufflebeat.edu,2-(790)371-4705,
289,Ruby,Martin,nicole@jabberstorm.net,4-(110)455-7567,04/04/2014
290,Debra,Gray,linda@aimbu.com,1-(095)546-7803,
291,Phyllis,Price,cynthia@flipopia.name,9-(076)462-6004,
292,Lillian,Gonzalez,christine@zoovu.mil,4-(599)372-7059,
293,Kelly,Stephens,jacqueline@buzzster.net,7-(952)237-9641,
294,Sandra,Simpson,jennifer@babbleblab.edu,4-(587)877-9313,
295,Rose,Thompson,irene@jaxnation.info,6-(670)182-5196,
296,Janet,Matthews,shirley@babbleset.info,9-(269)717-1840,
297,Lori,Lopez,jacqueline@gabspot.edu,8-(203)252-8570,
298,Amanda,Carpenter,tina@dabvine.info,6-(762)801-6113,
299,Diane,Sullivan,virginia@meemm.gov,3-(785)889-3666,
300,Susan,Weaver,karen@roomm.mil,0-(946)462-1354,04/14/2014
301,Beverly,Frazier,jennifer@yamia.org,1-(928)951-9344,
302,Evelyn,Johnston,kelly@skyvu.biz,5-(492)272-6128,
303,Ruby,Cole,joyce@photobug.info,0-(235)977-5754,04/24/2014
304,Jean,James,lisa@kanoodle.com,8-(267)789-7973,03/26/2014
305,Carolyn,Johnston,julie@twitterbeat.gov,7-(784)061-1804,
306,Doris,Brown,joyce@skyvu.name,6-(542)531-2442,
307,Nicole,Peters,lillian@buzzbean.net,2-(320)153-4565,
308,Kimberly,Cooper,tammy@dynava.info,4-(997)471-4155,
309,Gloria,Bailey,wanda@meembee.gov,0-(000)050-2153,
310,Debra,Peterson,andrea@myworks.info,2-(804)071-4508,
311,Frances,Hill,kimberly@avavee.mil,5-(623)590-4846,
312,Rose,Perry,sara@flipstorm.com,1-(985)316-1718,
313,Michelle,Griffin,ruby@jabbercube.gov,9-(887)101-3268,
314,Norma,Fowler,norma@dabvine.info,3-(082)637-3658,
315,Patricia,Ramos,rose@devify.net,0-(186)783-5257,
316,Sarah,Nelson,anne@vinte.name,0-(391)170-9774,
317,Betty,Stephens,mildred@dynabox.net,4-(317)544-5357,
318,Christine,Fuller,sara@rooxo.net,7-(672)409-7581,05/14/2014
319,Lisa,Rose,gloria@quinu.name,3-(796)448-7215,
320,Jean,Stanley,mildred@youopia.mil,1-(798)154-9317,
321,Ruth,Welch,jennifer@bluejam.com,5-(019)557-6257,
322,Jacqueline,Hill,louise@jayo.net,2-(090)000-0273,
323,Louise,Robinson,susan@gigaclub.com,2-(110)134-6351,
324,Lori,Cruz,deborah@blogxs.biz,9-(446)463-5320,
325,Janet,Grant,kathryn@yacero.net,0-(203)881-8468,
326,Laura,Hawkins,diana@skyvu.biz,0-(730)640-4022,
327,Kathleen,Ward,margaret@yakijo.net,0-(919)289-9355,
328,Donna,Jacobs,rose@kaymbo.com,2-(749)270-5817,
329,Tina,Tucker,bonnie@divape.net,7-(815)027-8527,
330,Helen,Welch,denise@twinte.gov,7-(727)699-5902,
331,Mary,Wallace,margaret@roombo.edu,1-(506)879-1215,
332,Kimberly,Mills,rachel@mita.info,1-(412)368-3157,
333,Catherine,James,patricia@dynava.com,7-(053)007-4398,
334,Heather,Graham,emily@edgeclub.org,5-(044)447-6341,
335,Angela,Matthews,heather@voonyx.edu,1-(404)096-2492,03/31/2014
336,Jacqueline,Nelson,jessica@twinte.net,9-(261)181-8843,05/13/2014
337,Christina,Hunter,maria@flipopia.biz,5-(664)669-7864,
338,Patricia,Peterson,shirley@leenti.gov,7-(678)131-0948,
339,Doris,Reid,marilyn@avavee.net,9-(343)186-2432,
340,Judy,Brooks,janice@topiclounge.mil,6-(115)225-7165,
341,Kathy,Woods,ashley@rooxo.edu,2-(498)362-9599,
342,Marie,Mitchell,nancy@bluejam.org,9-(671)147-3189,04/24/2014
343,Annie,Chavez,donna@jumpxs.net,2-(245)305-3236,
344,Elizabeth,Stevens,mary@oyoba.info,1-(646)330-4876,
345,Lillian,Edwards,cynthia@meevee.net,8-(178)537-6591,
346,Jennifer,Hicks,ruby@linkbuzz.info,5-(286)460-2041,
347,Christine,Matthews,michelle@zoombeat.net,3-(689)407-9808,
348,Joan,Meyer,paula@tagfeed.org,4-(729)136-6383,05/02/2014
349,Debra,Johnston,rachel@janyx.com,2-(767)076-0605,
350,Rebecca,Matthews,jean@shufflester.info,4-(894)342-3614,05/12/2014
351,Julie,Richardson,nancy@jaxspan.com,8-(124)541-2001,
352,Amy,Boyd,joyce@skibox.net,9-(202)737-6786,
353,Brenda,Ward,sara@tagchat.org,7-(014)685-2837,04/11/2014
354,Ashley,Fisher,lillian@twitterwire.info,6-(384)259-1370,04/27/2014
355,Sharon,Hill,sarah@topicblab.net,2-(167)003-5558,
356,Paula,Johnston,katherine@skynoodle.net,2-(336)454-2020,04/13/2014
357,Gloria,Watkins,rose@fanoodle.info,1-(787)703-7511,
358,Shirley,Graham,kathryn@meezzy.biz,4-(639)386-2721,
359,Evelyn,Howell,louise@zoonder.info,3-(787)691-8976,
360,Louise,Chavez,diana@realpoint.name,2-(876)520-5495,
361,Rebecca,Hayes,amanda@realmix.com,4-(995)165-7386,
362,Ruth,Matthews,kathy@rooxo.mil,8-(444)644-6959,
363,Sandra,Perkins,christina@eamia.net,6-(113)711-9178,
364,Marie,White,jessica@tazzy.edu,3-(912)598-2207,
365,Amy,Fox,julia@layo.name,5-(734)691-3623,
366,Linda,Brown,carol@twimbo.org,4-(873)543-1762,
367,Lillian,Hunt,theresa@jabbersphere.com,9-(331)591-5800,05/05/2014
368,Marilyn,Sims,pamela@mita.edu,1-(505)362-2398,
369,Carolyn,Coleman,michelle@jazzy.biz,0-(680)150-4913,
370,Rose,Wallace,emily@oyope.org,2-(091)624-1785,05/19/2014
371,Ruth,Stevens,diana@yamia.com,8-(263)002-1883,
372,Jean,Rivera,brenda@fivebridge.com,7-(591)679-0430,04/04/2014
373,Pamela,Marshall,tina@vimbo.edu,5-(755)605-0166,05/08/2014
374,Kimberly,Hart,amy@thoughtworks.info,4-(170)850-3410,
375,Andrea,Hayes,kelly@gabspot.edu,1-(394)981-2916,
376,Doris,Murphy,julia@wikizz.net,1-(013)360-0174,
377,Ashley,Oliver,lisa@zooxo.mil,2-(434)073-4689,
378,Gloria,Robinson,julia@digitube.gov,6-(194)690-3005,
379,Kathleen,Harvey,kathleen@yombu.mil,9-(217)652-2783,
380,Amanda,Pierce,rebecca@tambee.info,5-(961)134-3539,05/02/2014
381,Gloria,Garza,ann@jumpxs.info,3-(539)838-6126,
382,Sharon,Washington,joyce@feedfire.edu,4-(047)236-6862,
383,Margaret,Dunn,jean@mycat.name,0-(268)750-1449,
384,Donna,Washington,andrea@skinte.edu,4-(460)785-2853,
385,Debra,Harris,margaret@quinu.biz,5-(956)124-8079,
386,Ruth,Cook,shirley@flipstorm.name,5-(167)259-9852,
387,Annie,Edwards,amanda@devify.edu,5-(518)261-4478,
388,Deborah,Elliott,sharon@wordware.info,0-(657)724-2355,
389,Helen,Wood,christina@innotype.info,3-(319)516-1871,
390,Paula,Howell,michelle@meetz.gov,4-(986)988-7359,
391,Joyce,Jacobs,frances@voonte.net,3-(624)649-4298,
392,Christina,Nguyen,karen@fatz.info,0-(401)296-3779,
393,Linda,Diaz,stephanie@zoonoodle.biz,8-(361)551-8585,04/07/2014
394,Marie,Washington,patricia@innoz.biz,6-(468)817-5619,03/25/2014
395,Michelle,Fernandez,debra@zoombeat.info,2-(424)896-4706,
396,Barbara,Mendoza,carol@fatz.name,2-(916)388-6737,
397,Janet,Foster,laura@tazz.mil,0-(013)538-2555,05/03/2014
398,Donna,Rose,margaret@vinder.org,3-(911)748-5097,
399,Katherine,Black,margaret@tekfly.biz,6-(434)438-4297,
400,Louise,Foster,beverly@lazzy.net,4-(353)042-1744,
401,Rebecca,Lopez,carol@brightbean.org,3-(117)282-7914,
402,Virginia,Howell,nicole@wikibox.net,2-(491)558-0628,
403,Marie,Harvey,laura@blogtags.gov,4-(658)876-6671,
404,Denise,Fields,rebecca@npath.org,0-(656)743-7407,
405,Wanda,Burns,donna@twitterlist.edu,6-(801)968-4293,
406,Lisa,Simmons,teresa@geba.gov,9-(633)061-0097,
407,Laura,Kim,sarah@fivechat.com,7-(144)662-0824,
408,Doris,Hall,nicole@ailane.edu,5-(248)480-3481,
409,Nicole,Stevens,ashley@quimba.biz,6-(812)659-0200,
410,Diane,Anderson,wanda@ailane.name,9-(610)333-0322,
411,Diane,Snyder,mildred@zoonder.name,5-(639)574-9991,
412,Ann,Gomez,cheryl@meezzy.mil,5-(252)896-9630,
413,Andrea,Wells,maria@quimm.gov,2-(576)365-5469,
414,Emily,Bowman,virginia@dazzlesphere.gov,7-(857)631-6458,
415,Laura,Brooks,sara@fivespan.info,5-(597)828-4224,
416,Kathleen,Hart,jean@fivechat.mil,7-(797)577-6361,
417,Christine,Franklin,marie@livetube.edu,7-(584)067-9728,
418,Shirley,Woods,kathryn@centimia.edu,5-(102)956-5595,
419,Marilyn,Burton,paula@trilia.mil,4-(791)555-3463,
420,Christine,Peterson,sandra@jaxspan.org,5-(551)606-5190,
421,Judith,Payne,marie@jatri.mil,0-(032)272-6892,
422,Rebecca,Ramos,maria@tagcat.org,5-(604)606-7991,
423,Janice,Edwards,christina@quimba.info,9-(061)827-7531,03/24/2014
424,Gloria,Medina,annie@fivechat.net,1-(670)540-9972,
425,Jennifer,Sullivan,joan@ooba.net,3-(148)772-6704,
426,Amy,Nelson,mary@ainyx.edu,1-(007)728-9694,
427,Irene,Russell,joan@dynabox.edu,1-(336)515-2554,
428,Virginia,Carpenter,shirley@skyndu.edu,0-(523)838-2852,
429,Virginia,Powell,rebecca@oyonder.com,4-(518)474-4202,04/30/2014
430,Gloria,Black,lillian@dynazzy.com,0-(050)771-2852,
431,Robin,Olson,debra@voonder.edu,7-(707)316-0405,03/30/2014
432,Denise,Adams,annie@twimm.net,6-(980)517-3068,04/02/2014
433,Angela,Welch,deborah@jayo.edu,5-(491)955-7235,04/02/2014
434,Catherine,Myers,betty@tavu.info,9-(528)517-8891,03/26/2014
435,Diane,Stone,beverly@eabox.net,6-(173)670-7462,
436,Mary,Johnston,janet@mynte.org,2-(386)253-1789,
437,Elizabeth,Brooks,gloria@twimm.com,5-(961)588-4389,
438,Kathy,Spencer,donna@voolith.net,2-(320)149-3045,
439,Christina,Robinson,carolyn@jabberbean.com,2-(587)074-3751,
440,Sandra,Mendoza,mildred@buzzbean.com,0-(618)858-9693,
441,Maria,Martinez,amy@devpoint.name,8-(713)497-6187,
442,Emily,Marshall,sarah@skinte.gov,3-(385)583-7603,
443,Ruby,Franklin,marilyn@voonix.com,4-(760)416-2422,
444,Catherine,Lewis,marilyn@fiveclub.name,2-(534)348-8904,05/02/2014
445,Denise,Hayes,christina@shufflester.org,3-(689)945-8228,04/16/2014
446,Sandra,Myers,shirley@voomm.name,0-(278)763-6635,05/10/2014
447,Donna,Lane,christina@vitz.net,1-(753)054-2672,
448,Evelyn,Simpson,joyce@leexo.edu,8-(107)324-1440,
449,Shirley,Carroll,sarah@oyoloo.biz,3-(256)013-0751,
450,Tina,Flores,kathryn@youopia.gov,8-(397)089-4166,
451,Julie,James,elizabeth@linklinks.net,2-(359)383-5417,05/11/2014
452,Lillian,Robinson,rebecca@kaymbo.net,1-(669)488-7679,
453,Martha,Knight,teresa@skinder.info,5-(834)229-0706,
454,Tina,Gilbert,betty@youfeed.com,2-(137)368-2165,
455,Pamela,Wagner,irene@divavu.gov,1-(939)955-8241,04/16/2014
456,Dorothy,Martinez,kathy@yadel.net,8-(336)707-7329,04/01/2014
457,Robin,Mitchell,julia@muxo.gov,3-(863)699-2148,
458,Paula,Fuller,carol@dynabox.edu,2-(335)538-1852,
459,Jacqueline,Hill,lois@quimm.net,7-(607)478-8545,
460,Julia,Mason,andrea@gabspot.name,1-(214)611-0675,
461,Joyce,Ruiz,christina@jaxspan.info,6-(417)726-0428,
462,Christine,Elliott,kathy@cogidoo.biz,8-(060)945-4022,
463,Elizabeth,James,phyllis@tagopia.info,4-(702)384-0960,
464,Marilyn,Matthews,phyllis@zoonder.mil,5-(122)669-8415,
465,Mary,Adams,robin@skaboo.org,3-(434)422-8028,
466,Kathleen,Ramos,carol@roomm.mil,7-(822)594-8090,04/04/2014
467,Janice,Mendoza,donna@bubblemix.gov,2-(588)264-2555,
468,Christina,Wallace,jacqueline@thoughtsphere.mil,7-(063)311-7460,
469,Susan,Vasquez,amy@katz.com,3-(655)798-6551,
470,Irene,Harper,shirley@oloo.edu,0-(151)391-1980,
471,Sara,Powell,irene@flipbug.mil,0-(423)254-2092,
472,Robin,Fowler,lillian@vimbo.info,5-(711)458-5998,
473,Sara,Mitchell,kelly@oyoba.gov,3-(919)962-9460,
474,Katherine,Welch,lillian@realcube.mil,6-(724)792-7116,
475,Cheryl,Perez,judy@divavu.mil,5-(642)791-7309,
476,Joan,Young,linda@tagcat.info,9-(053)553-6604,
477,Kathryn,Collins,evelyn@yacero.biz,3-(266)073-2457,05/11/2014
478,Lois,Weaver,theresa@livetube.biz,1-(116)396-0579,
479,Kimberly,Vasquez,kimberly@centidel.org,8-(507)707-6605,
480,Rose,Ward,virginia@lazzy.gov,3-(645)531-0746,
481,Joan,Boyd,deborah@rhyloo.gov,0-(359)770-9685,
482,Ruby,Williamson,wanda@livefish.com,3-(013)883-1413,
483,Marilyn,Stephens,judith@tanoodle.mil,6-(970)903-8716,
484,Amanda,Wheeler,cheryl@linktype.net,8-(694)968-0662,
485,Margaret,Wells,theresa@tekfly.org,5-(172)837-2437,05/09/2014
486,Virginia,Dean,gloria@centimia.biz,2-(055)651-7010,
487,Cheryl,Austin,emily@mydeo.net,9-(221)705-1955,
488,Katherine,Webb,christine@izio.biz,2-(541)560-7829,05/06/2014
489,Jennifer,Martinez,sarah@rhybox.mil,7-(567)361-1935,
490,Dorothy,Alexander,joan@aivee.com,3-(737)621-1522,
491,Helen,Oliver,susan@bubblemix.org,4-(985)026-4582,
492,Mary,Cox,sarah@tazzy.edu,2-(792)153-3984,
493,Marilyn,Riley,sandra@talane.mil,8-(411)098-6221,
494,Norma,Ellis,judy@zoozzy.com,2-(543)253-3715,03/31/2014
495,Patricia,Williams,alice@dabvine.net,8-(398)316-5350,
496,Annie,Henderson,diane@jaxnation.net,5-(902)128-3600,
497,Betty,Hunt,virginia@zoomzone.mil,9-(289)258-6239,04/30/2014
498,Rose,Jenkins,patricia@jabbertype.biz,0-(664)504-5102,
499,Donna,Alvarez,betty@trudeo.edu,4-(608)995-4194,
500,Stephanie,Richardson,donna@livefish.mil,9-(463)394-9108,
501,Rebecca,Fox,virginia@zazio.info,1-(093)509-5978,
502,Amy,Cook,paula@quaxo.edu,0-(041)195-4492,
503,Judy,Murphy,robin@voomm.org,4-(317)436-1465,
504,Diana,Banks,tammy@linkbridge.net,2-(416)105-2575,
505,Janice,Cook,kathy@jamia.info,7-(050)177-1468,
506,Ruby,Williamson,janet@brainbox.biz,1-(959)751-4701,
507,Virginia,Schmidt,denise@bluezoom.gov,5-(587)011-7361,
508,Marie,Cooper,sarah@tagtune.info,5-(863)550-1189,
509,Susan,Castillo,linda@jaloo.org,3-(427)781-5620,
510,Linda,Collins,betty@dablist.info,3-(521)803-3354,
511,Carol,Hunter,donna@zooveo.com,3-(045)572-4723,
512,Tina,Foster,melissa@jaxspan.com,9-(048)558-8850,
513,Alice,Payne,stephanie@babbleset.org,7-(288)292-8439,
514,Jessica,Riley,kimberly@gigabox.edu,7-(697)841-0517,
515,Karen,Howell,marilyn@buzzster.edu,0-(750)443-6206,
516,Karen,Gilbert,joan@fivebridge.info,1-(212)208-9239,
517,Christina,Frazier,julia@ntags.net,6-(336)934-0915,
518,Betty,Mason,teresa@feednation.info,9-(389)577-7395,
519,Laura,Brown,mary@chatterbridge.mil,0-(007)917-0328,
520,Jennifer,Garcia,annie@abatz.info,8-(716)304-2411,04/19/2014
521,Judy,Little,joyce@muxo.org,5-(139)727-2436,
522,Robin,Wagner,donna@kwinu.gov,0-(103)228-7458,
523,Denise,Cunningham,donna@centizu.net,1-(815)394-7324,04/10/2014
524,Joan,Morales,christine@photobean.com,6-(555)427-9436,
525,Annie,Gomez,diane@bubblebox.mil,0-(517)344-8768,
526,Sarah,Young,kimberly@meemm.com,0-(521)662-8320,
527,Tina,Harris,judy@devify.biz,4-(482)861-3327,
528,Marilyn,Barnes,susan@meevee.edu,7-(262)238-1454,
529,Mildred,Alvarez,linda@browsebug.biz,7-(965)890-4371,
530,Margaret,Freeman,lori@minyx.info,5-(000)917-5409,
531,Angela,Fields,angela@jaloo.com,5-(987)346-7262,
532,Louise,Fox,tammy@avamm.info,6-(989)338-7903,
533,Ruth,Larson,teresa@gabcube.gov,4-(924)819-9443,
534,Lillian,Coleman,dorothy@oyoba.org,0-(616)166-0742,
535,Deborah,Sanders,kelly@yakijo.info,3-(773)630-0247,
536,Irene,Gomez,kelly@dynava.name,2-(237)124-9943,
537,Stephanie,Fields,wanda@fanoodle.com,4-(025)888-8280,
538,Rose,Edwards,lillian@kwimbee.org,9-(760)979-9741,
539,Joyce,Peters,nicole@quinu.mil,5-(426)877-0372,
540,Beverly,Kim,melissa@demivee.mil,0-(095)742-8129,
541,Wanda,Weaver,janet@edgepulse.edu,6-(724)492-8877,
542,Michelle,Campbell,joan@blogtags.com,8-(655)872-6090,05/05/2014
543,Bonnie,Peters,ruth@linklinks.name,6-(303)249-2928,04/05/2014
544,Andrea,Washington,elizabeth@roombo.gov,9-(629)423-3812,
545,Joyce,Moore,linda@avaveo.gov,2-(932)568-6402,
546,Pamela,Taylor,doris@reallinks.name,9-(026)544-0213,
547,Brenda,Ferguson,cynthia@browsecat.name,4-(835)160-9000,
548,Margaret,Rose,sandra@roodel.edu,7-(266)656-9446,
549,Kelly,Richards,teresa@edgepulse.net,9-(933)878-1382,05/16/2014
550,Rachel,Harvey,evelyn@skimia.com,0-(262)857-0980,
551,Rebecca,Reyes,pamela@flashpoint.gov,0-(164)373-8887,
552,Emily,Rodriguez,joyce@devshare.org,7-(238)854-1533,04/16/2014
553,Evelyn,Hill,martha@feedspan.edu,5-(966)362-4584,
554,Janet,Ross,alice@dynabox.mil,9-(751)768-3978,
555,Shirley,Hanson,jessica@jumpxs.info,0-(203)506-8800,04/13/2014
556,Barbara,Mason,beverly@devshare.net,4-(810)767-8012,
557,Judith,Hughes,lori@mynte.org,2-(643)609-3191,
558,Betty,Powell,evelyn@rhycero.com,4-(427)707-9793,
559,Heather,Ray,andrea@jaxbean.com,9-(125)866-5180,
560,Shirley,Kelley,sarah@avavee.biz,0-(764)405-5470,
561,Mildred,Olson,carol@eire.edu,5-(453)697-8410,
562,Emily,Stone,kathy@cogidoo.edu,5-(599)621-3461,
563,Doris,Gonzales,lori@eamia.com,0-(113)140-6591,
564,Tammy,Ortiz,sarah@chatterbridge.name,6-(233)484-7975,
565,Amy,Hughes,tina@topicshots.edu,0-(942)713-9465,
566,Sandra,Wilson,joyce@tagcat.info,2-(014)921-3035,
567,Jennifer,Cruz,amanda@plajo.org,2-(479)914-3787,05/18/2014
568,Kimberly,Elliott,irene@teklist.com,7-(885)759-3647,
569,Stephanie,Fox,jennifer@miboo.gov,1-(621)355-7886,
570,Louise,Dixon,anna@blogtags.org,8-(455)082-0701,
571,Jennifer,Fisher,emily@reallinks.biz,1-(363)594-6779,
572,Ruth,Hernandez,joan@thoughtstorm.info,2-(653)141-2669,
573,Rebecca,Evans,catherine@voonyx.com,1-(300)112-2228,
574,Michelle,Wallace,sara@agivu.org,7-(843)005-3462,
575,Carol,Simmons,melissa@youfeed.org,7-(053)824-4331,
576,Angela,Holmes,paula@izio.gov,4-(726)503-2151,05/07/2014
577,Kathleen,Cole,barbara@tagopia.gov,7-(890)227-5201,
578,Teresa,Jacobs,marie@oyoloo.gov,5-(892)941-8106,
579,Beverly,Hansen,frances@skippad.gov,1-(621)711-1869,
580,Julia,Andrews,michelle@skippad.info,4-(953)878-7272,
581,Maria,Dunn,sandra@plajo.org,4-(164)373-5558,03/26/2014
582,Betty,Foster,rachel@realpoint.gov,6-(516)745-7691,
583,Sara,Clark,joan@skinder.org,4-(422)389-6729,
584,Pamela,Sanchez,rachel@miboo.net,7-(446)372-4295,
585,Doris,Turner,tammy@topicstorm.name,6-(222)973-9577,
586,Carolyn,Willis,joyce@ozu.net,4-(358)988-0789,
587,Julia,Peters,michelle@devbug.edu,2-(749)512-6070,04/10/2014
588,Kathryn,Meyer,julie@jaloo.edu,7-(209)768-4617,
589,Angela,Ferguson,heather@wikibox.name,3-(245)167-0025,
590,Diana,Sanchez,nicole@plajo.biz,7-(138)830-4074,
591,Robin,Kelly,katherine@livefish.info,9-(072)885-0389,
592,Virginia,Crawford,tina@fliptune.info,8-(951)638-9054,
593,Nicole,Foster,nicole@realcube.biz,5-(544)238-5231,
594,Laura,Mccoy,nicole@voonyx.name,7-(040)865-9623,
595,Ruth,Moore,linda@wordify.edu,5-(729)409-1936,04/08/2014
596,Janet,White,judith@plambee.mil,3-(080)624-3809,
597,Linda,Boyd,pamela@ooba.name,2-(469)991-6543,
598,Tina,Willis,wanda@teklist.edu,0-(348)817-4821,
599,Pamela,Wagner,kimberly@browsetype.info,3-(147)728-3487,04/03/2014
600,Melissa,Mason,ruby@rhynoodle.org,0-(808)316-2369,
601,Kathryn,Howell,mary@avavee.info,0-(166)107-6554,
602,Pamela,Hernandez,ruby@skinte.org,5-(785)246-6493,
603,Emily,Lynch,barbara@wikizz.org,7-(107)110-7591,
604,Cheryl,Bradley,katherine@youtags.edu,5-(193)272-9246,
605,Janice,Flores,judith@eire.gov,4-(433)081-1175,
606,Louise,Howell,norma@yakidoo.com,6-(364)205-8958,
607,Jacqueline,Thomas,norma@voonyx.gov,4-(250)195-6174,05/16/2014
608,Irene,Ward,sara@ailane.gov,3-(834)786-7314,04/13/2014
609,Janice,Welch,anna@meevee.mil,9-(905)547-9298,
610,Annie,Crawford,frances@zoozzy.edu,5-(022)373-9551,
611,Sandra,Riley,janice@chatterpoint.gov,4-(436)216-4919,
612,Michelle,Adams,kathleen@voolia.com,0-(114)517-2287,
613,Tammy,Hamilton,melissa@voomm.net,6-(590)562-9254,
614,Nancy,Dixon,angela@youbridge.name,0-(519)933-1702,03/26/2014
615,Christine,Sanchez,diana@meemm.com,4-(935)819-4379,
616,Margaret,Matthews,laura@centidel.edu,7-(121)958-4938,
617,Brenda,Sullivan,brenda@yacero.com,5-(837)595-9310,
618,Robin,Lee,cynthia@cogilith.mil,5-(105)839-2760,
619,Tina,Cooper,stephanie@topicware.biz,8-(800)631-9213,
620,Marilyn,Howell,lois@flashpoint.org,8-(771)163-0269,
621,Shirley,Hicks,denise@shuffletag.name,8-(741)984-0956,
622,Ruth,Alvarez,louise@skalith.com,6-(522)043-6822,
623,Tina,Welch,margaret@tagopia.info,2-(188)192-4621,
624,Christine,Riley,doris@browsetype.gov,1-(501)906-4231,
625,Nicole,Gilbert,julie@topicblab.org,6-(961)523-2002,
626,Rose,Butler,gloria@trilia.name,0-(347)728-2704,
627,Marilyn,Fisher,cheryl@trilith.gov,4-(626)219-6547,
628,Jean,Coleman,lisa@fivechat.mil,1-(317)901-0850,
629,Sara,Richards,alice@riffpath.gov,2-(718)307-2851,
630,Marilyn,Ray,theresa@camimbo.mil,7-(195)104-2455,
631,Sara,Schmidt,theresa@yodel.gov,1-(361)199-9662,03/27/2014
632,Annie,Alvarez,melissa@oyonder.info,7-(694)251-1744,
633,Elizabeth,Henderson,elizabeth@eamia.gov,8-(228)810-4141,
634,Michelle,Wells,louise@thoughtblab.net,3-(544)507-4307,05/14/2014
635,Ann,Williams,judy@skyble.biz,6-(792)852-5181,03/25/2014
636,Barbara,Sanders,nicole@mynte.com,0-(375)258-6789,05/14/2014
637,Tina,Little,carolyn@jaloo.com,6-(137)130-1550,
638,Debra,James,linda@skinix.info,0-(519)730-8021,
639,Susan,Montgomery,katherine@flashdog.com,1-(878)574-5829,
640,Norma,Webb,phyllis@jaxworks.info,8-(586)963-5334,
641,Denise,Moore,alice@kimia.mil,8-(972)671-2302,
642,Karen,Reed,sarah@skimia.info,6-(687)792-5948,
643,Janet,Alexander,mildred@gigabox.com,3-(449)070-4793,03/27/2014
644,Kimberly,Price,jane@rhynoodle.com,7-(390)924-7256,
645,Julia,Moore,sarah@aibox.name,5-(743)535-3165,
646,Alice,Roberts,cynthia@bubblebox.com,0-(682)282-7424,
647,Sharon,Carr,carolyn@shufflester.name,5-(716)134-1479,04/21/2014
648,Melissa,Day,christina@cogilith.edu,9-(556)160-8501,
649,Melissa,Rivera,ashley@dynabox.edu,8-(113)242-4597,
650,Brenda,Ford,ruby@edgewire.biz,1-(970)794-6227,
651,Stephanie,Hughes,deborah@tazzy.gov,4-(312)584-7183,
652,Tina,Stone,mildred@demivee.biz,6-(944)401-8766,
653,Carolyn,Garza,debra@babblestorm.net,2-(575)372-2344,
654,Kimberly,Moore,teresa@demimbu.mil,4-(271)575-3825,
655,Catherine,Hunter,melissa@skyba.name,9-(216)766-6146,
656,Rebecca,Parker,kathy@meetz.biz,4-(274)564-2107,
657,Bonnie,Mendoza,kelly@kanoodle.edu,1-(490)452-8529,04/27/2014
658,Joyce,Gardner,jane@oyoba.org,4-(498)560-1208,
659,Amanda,Ray,donna@skibox.biz,8-(713)895-0303,
660,Anna,Nichols,anne@centizu.gov,1-(931)138-5317,
661,Ann,Matthews,debra@devpulse.info,2-(767)475-5841,03/22/2014
662,Tammy,Gonzalez,elizabeth@tanoodle.gov,1-(254)665-1562,
663,Donna,Harris,deborah@dabshots.info,5-(152)950-8606,
664,Jennifer,Reid,mildred@flashdog.info,7-(471)409-4139,
665,Kimberly,Morrison,mary@midel.info,8-(128)596-9501,
666,Mary,West,ashley@edgeblab.mil,5-(051)744-2384,
667,Wanda,Fowler,jennifer@eazzy.biz,1-(332)387-7087,05/07/2014
668,Amy,Fox,diana@linkbuzz.info,5-(936)461-3156,
669,Cynthia,Chavez,patricia@oodoo.org,6-(229)811-3864,
670,Heather,Webb,annie@rhybox.org,2-(425)755-8778,
671,Tina,Gomez,amanda@skippad.info,4-(365)706-0515,
672,Christina,Diaz,sara@talane.info,9-(433)191-2667,
673,Margaret,Chapman,deborah@yodo.org,9-(439)455-0624,
674,Karen,Davis,diane@zoozzy.mil,1-(604)989-3196,
675,Rebecca,Harrison,norma@jabberbean.edu,4-(664)261-2862,
676,Lisa,Wood,teresa@rhyloo.mil,0-(541)349-0972,
677,Margaret,Patterson,shirley@demimbu.net,4-(645)728-8388,
678,Shirley,Burns,irene@photolist.mil,9-(536)233-6446,
679,Diana,Richards,stephanie@brainverse.com,0-(107)663-7321,
680,Emily,Austin,diana@fliptune.mil,5-(029)373-1384,
681,Jean,Ellis,wanda@bubblebox.name,7-(755)081-6883,
682,Irene,Shaw,rose@dabfeed.biz,2-(567)328-6784,
683,Heather,Ellis,kathy@wordtune.gov,2-(620)550-3606,04/06/2014
684,Debra,Fernandez,kimberly@janyx.biz,5-(076)844-3838,
685,Lori,Brown,janet@jetwire.gov,1-(121)019-7644,
686,Kathryn,Bryant,judy@voonte.org,3-(884)592-0784,
687,Cheryl,Wells,linda@kimia.org,3-(677)486-9878,
688,Melissa,Reyes,julia@geba.org,3-(111)981-1474,04/01/2014
689,Lori,Brown,christina@topicblab.name,8-(061)619-3202,
690,Shirley,Burns,amy@skipstorm.biz,9-(353)599-9188,
691,Sarah,Allen,bonnie@feedfire.name,6-(860)199-4318,
692,Ruth,Morgan,sharon@jaloo.biz,4-(112)451-3963,
693,Donna,Gilbert,rebecca@edgewire.mil,3-(063)829-5056,
694,Joyce,Barnes,susan@babbleset.mil,2-(822)829-2890,
695,Denise,Cook,christina@skibox.gov,0-(885)339-8021,
696,Patricia,Hudson,melissa@zoombox.org,2-(075)297-2346,
697,Maria,Hughes,phyllis@thoughtblab.com,5-(778)304-5624,
698,Kimberly,Holmes,jean@yakitri.net,8-(199)373-0408,03/27/2014
699,Joyce,Dean,denise@riffpedia.gov,5-(517)025-6208,
700,Melissa,Porter,stephanie@youfeed.mil,4-(447)576-7131,
701,Kathryn,Burke,wanda@brightdog.info,0-(909)931-1139,
702,Jacqueline,Ryan,judy@vidoo.mil,2-(652)129-3127,
703,Judith,Hudson,virginia@browseblab.info,8-(015)435-9054,
704,Amanda,Long,pamela@linkbridge.com,5-(014)330-6687,
705,Christine,Reyes,angela@browsezoom.gov,5-(682)625-0127,
706,Christine,Murphy,catherine@browseblab.name,1-(315)719-8146,
707,Ruby,Welch,barbara@eimbee.name,2-(915)280-9882,
708,Alice,Mcdonald,katherine@skinte.name,1-(576)483-3995,
709,Jessica,Harvey,stephanie@kare.net,4-(330)055-6715,05/08/2014
710,Denise,Lawrence,heather@snaptags.edu,2-(091)800-0083,
711,Wanda,Ford,jane@vinder.biz,6-(408)619-5470,
712,Jacqueline,Perkins,sarah@kimia.net,9-(897)116-2651,04/21/2014
713,Susan,Holmes,julia@tekfly.edu,6-(246)830-4888,
714,Dorothy,Palmer,sharon@leexo.com,8-(138)603-4225,
715,Stephanie,Murray,robin@avamm.info,4-(967)510-8216,
716,Christine,Shaw,dorothy@bubblemix.info,3-(558)396-6003,
717,Jacqueline,Dunn,heather@meeveo.org,4-(761)122-9307,
718,Kathleen,Knight,carol@eamia.org,2-(574)525-2117,
719,Christina,Morales,ann@devpoint.biz,9-(102)473-7077,03/31/2014
720,Janet,Ramos,linda@innojam.edu,4-(492)299-8462,
721,Amy,Myers,norma@blogtag.gov,5-(471)950-2930,04/16/2014
722,Karen,Dean,evelyn@gabtune.name,1-(146)986-2192,
723,Barbara,Baker,diane@jaxbean.mil,6-(484)926-0022,
724,Phyllis,Ryan,lillian@flashspan.mil,2-(611)473-8556,
725,Elizabeth,Henderson,carolyn@youopia.name,5-(688)322-0050,04/10/2014
726,Janice,Wallace,anna@plajo.com,0-(966)803-9061,
727,Mary,Anderson,christina@wikizz.org,1-(429)708-6618,
728,Beverly,Peterson,irene@aibox.info,9-(321)896-7075,
729,Jean,Stanley,donna@gevee.gov,1-(044)105-1644,
730,Donna,Romero,rose@quimm.info,3-(522)303-4573,04/07/2014
731,Judith,Rice,amy@brainbox.mil,2-(207)686-1672,
732,Gloria,Olson,sandra@voonder.info,6-(278)697-4550,
733,Marie,Nguyen,ruth@tavu.name,0-(567)465-8646,
734,Sara,Rogers,beverly@vipe.com,0-(222)059-6064,03/23/2014
735,Martha,Stone,catherine@gabtype.info,8-(308)049-5720,
736,Janice,Brown,deborah@midel.org,7-(336)646-0389,
737,Shirley,Gutierrez,sara@devcast.gov,8-(775)445-5362,
738,Debra,Stewart,ashley@yakidoo.gov,1-(703)016-0681,
739,Joyce,Hall,sharon@npath.org,9-(186)086-9147,
740,Beverly,Weaver,dorothy@browsebug.gov,9-(301)179-3445,
741,Judy,Robinson,dorothy@chatterbridge.com,0-(724)580-0006,
742,Judy,Warren,irene@buzzdog.org,9-(064)763-8856,
743,Betty,Walker,evelyn@gabcube.net,6-(666)616-7133,
744,Joyce,Martin,cynthia@browsedrive.org,0-(162)251-9929,
745,Andrea,Patterson,irene@jabbersphere.name,6-(243)590-7722,
746,Sandra,Williams,norma@realcube.com,8-(288)013-8012,
747,Laura,Long,lori@rhyloo.name,4-(280)001-4720,
748,Nancy,Welch,maria@eayo.com,8-(583)129-1485,
749,Christina,Alvarez,rose@dabz.org,1-(554)157-7324,04/23/2014
750,Diana,Chavez,lisa@centidel.mil,9-(542)554-5018,04/30/2014
751,Doris,Watson,stephanie@wikido.edu,5-(656)346-5129,04/21/2014
752,Doris,Chavez,doris@youbridge.gov,8-(800)336-5738,
753,Theresa,Turner,janice@buzzshare.org,0-(801)427-8691,
754,Anne,Bell,katherine@livetube.org,9-(958)825-3476,04/16/2014
755,Diane,Patterson,shirley@fiveclub.net,7-(680)390-7988,04/05/2014
756,Rose,Carter,joyce@voomm.edu,6-(905)561-4393,
757,Carolyn,Lane,jessica@yodo.biz,8-(845)052-7374,
758,Shirley,Jordan,elizabeth@quamba.edu,3-(214)978-9125,
759,Jane,Mason,alice@ntags.org,1-(469)138-1601,05/12/2014
760,Joyce,Grant,lois@browsebug.net,2-(816)852-9442,
761,Rose,Marshall,christine@yodel.com,8-(909)996-0280,
762,Kimberly,Martin,shirley@feedspan.gov,0-(709)834-1642,
763,Norma,Hernandez,ruth@camimbo.net,5-(717)402-2369,
764,Brenda,Harrison,joyce@gabvine.edu,4-(537)267-2937,
765,Lori,Castillo,elizabeth@eadel.edu,3-(411)524-0029,
766,Janice,Garcia,ruby@wordware.edu,5-(866)327-9207,
767,Diane,Evans,angela@zoombox.gov,5-(629)403-1436,
768,Kathryn,Harvey,jessica@jetpulse.net,8-(871)547-3166,
769,Kathleen,Duncan,kimberly@eimbee.name,1-(200)632-4752,04/14/2014
770,Joan,Webb,carolyn@yozio.mil,8-(084)779-9916,
771,Kathy,Hernandez,diane@innojam.net,3-(753)570-5389,03/31/2014
772,Dorothy,Murphy,debra@meevee.edu,8-(640)255-4545,
773,Betty,Mccoy,judith@roomm.com,1-(785)675-5566,03/30/2014
774,Debra,Sullivan,cheryl@skipstorm.org,9-(884)568-2923,
775,Lois,Wallace,judy@vitz.edu,7-(320)053-8162,
776,Stephanie,Mason,rebecca@vipe.biz,5-(316)201-5600,
777,Cheryl,Ortiz,annie@voolith.info,9-(064)074-0149,05/06/2014
778,Elizabeth,Carr,anna@voonder.gov,1-(306)771-2129,
779,Christina,Harvey,annie@agivu.biz,4-(020)289-8174,04/26/2014
780,Margaret,Hansen,kelly@skidoo.com,5-(505)130-1399,
781,Sandra,Perez,lisa@blogtags.biz,4-(604)546-7558,
782,Amanda,Daniels,ann@avamm.info,2-(924)773-4289,
783,Rose,Coleman,susan@avaveo.info,7-(077)791-3495,
784,Amy,Cunningham,rebecca@jaloo.biz,4-(048)972-0690,
785,Emily,Greene,sara@gabcube.org,1-(924)170-3720,
786,Lori,Ramirez,linda@devshare.net,6-(669)497-7366,
787,Pamela,George,paula@yamia.com,8-(864)987-0717,
788,Jennifer,Wagner,amanda@divanoodle.net,1-(446)805-0410,
789,Louise,Mills,joan@aimbu.mil,5-(133)395-9464,
790,Bonnie,Lee,angela@rhynyx.gov,5-(323)901-8051,
791,Tammy,Garrett,maria@wikizz.net,6-(146)194-9503,
792,Rebecca,Burke,frances@skynoodle.biz,8-(502)392-6665,
793,Christine,Robertson,louise@vinder.com,9-(476)465-5572,
794,Doris,Robertson,jennifer@camimbo.net,0-(392)588-4298,04/10/2014
795,Pamela,Scott,paula@mynte.com,3-(304)303-3042,
796,Joan,Nguyen,irene@topicstorm.biz,7-(037)410-3698,
797,Gloria,Campbell,stephanie@meevee.mil,8-(826)882-1109,
798,Diane,Young,lisa@dablist.org,9-(574)068-4835,
799,Karen,Carroll,melissa@meembee.info,4-(019)006-8048,
800,Shirley,Washington,helen@kazu.com,1-(656)129-5283,
801,Jacqueline,Daniels,lori@kwideo.gov,2-(520)456-9864,
802,Catherine,Hawkins,amy@realblab.biz,6-(318)403-0541,
803,Laura,Gonzales,angela@oozz.org,6-(510)433-7470,
804,Barbara,Berry,heather@jayo.mil,9-(437)708-2739,
805,Ruth,Freeman,brenda@browsetype.org,4-(653)311-3502,
806,Marie,King,carolyn@tagchat.mil,0-(388)675-0323,05/07/2014
807,Betty,Medina,wanda@zoovu.name,8-(157)658-6252,
808,Helen,Coleman,linda@tagtune.edu,7-(388)522-4418,
809,Norma,Woods,jacqueline@livepath.com,8-(752)655-7393,
810,Rose,Jordan,joyce@oloo.info,6-(642)182-8651,
811,Maria,Mason,betty@feedmix.mil,9-(871)899-6356,03/29/2014
812,Pamela,Henry,alice@aimbo.info,7-(536)215-4760,
813,Julie,Schmidt,anne@meezzy.biz,7-(840)219-5760,
814,Louise,Fisher,janice@pixonyx.edu,0-(717)675-5747,
815,Kathleen,Watson,ruth@rhyzio.net,4-(067)170-5166,
816,Jacqueline,Johnston,jessica@quatz.name,1-(383)627-8049,
817,Ann,Jones,jane@vinte.org,5-(380)604-1775,04/23/2014
818,Helen,Sullivan,ruth@viva.edu,8-(682)672-0405,04/11/2014
819,Helen,Ross,tina@jaxbean.gov,9-(883)910-0188,
820,Shirley,Warren,amanda@kwideo.name,8-(634)249-1235,
821,Ann,Lewis,christine@lajo.net,6-(267)121-0443,
822,Ruby,Howell,janice@skaboo.org,5-(455)182-5445,
823,Heather,Johnston,kathryn@devbug.edu,6-(235)573-2094,
824,Catherine,Stevens,rachel@realcube.mil,1-(208)301-9884,
825,Norma,Bell,tammy@leexo.net,8-(461)745-7456,
826,Wanda,Patterson,paula@trilia.com,4-(977)947-1363,
827,Lisa,Armstrong,virginia@oyoloo.biz,1-(952)813-0357,
828,Teresa,Gray,melissa@jabberbean.biz,3-(344)114-2420,
829,Wanda,Wheeler,amy@demizz.info,2-(915)691-0137,
830,Evelyn,Allen,sara@tazz.org,7-(362)841-3571,
831,Michelle,Hall,dorothy@avamba.gov,9-(668)646-0446,
832,Sandra,Hayes,doris@rhybox.name,2-(746)420-4612,05/20/2014
833,Kathryn,Chavez,kathryn@brightdog.name,8-(876)093-2699,
834,Diana,Sullivan,anne@devcast.name,7-(874)388-8977,
835,Rachel,Bowman,alice@tagpad.com,2-(065)117-6590,
836,Jacqueline,Ferguson,louise@browseblab.edu,7-(679)918-3366,
837,Rachel,White,rachel@linklinks.net,4-(438)126-6984,
838,Rachel,Romero,cheryl@meedoo.org,2-(192)051-4693,03/26/2014
839,Stephanie,Little,kathy@twitterlist.mil,5-(743)120-3500,
840,Elizabeth,Allen,jessica@wordtune.info,4-(070)523-6654,
841,Rebecca,Harper,ruth@avavee.com,1-(963)825-4880,04/10/2014
842,Stephanie,Kennedy,donna@dynazzy.mil,9-(578)528-6316,
843,Janice,Rose,alice@jetpulse.org,1-(864)725-8728,
844,Dorothy,Bailey,phyllis@yodoo.net,6-(393)200-0698,
845,Marilyn,Price,brenda@kwilith.biz,8-(499)991-3934,
846,Judy,Chapman,elizabeth@agimba.net,9-(944)342-5975,
847,Catherine,Holmes,nicole@photobean.gov,1-(087)544-9343,
848,Sarah,Tucker,brenda@ntag.biz,2-(933)951-0700,
849,Kimberly,Foster,heather@thoughtworks.net,1-(384)259-1106,04/24/2014
850,Amy,Cole,teresa@mita.org,0-(904)246-2030,
851,Rachel,Robertson,debra@skyba.mil,4-(739)022-4585,
852,Lois,Sims,amanda@dynazzy.info,4-(840)824-7284,
853,Nicole,James,jean@kwilith.mil,1-(046)200-9478,
854,Carolyn,Rice,gloria@gabtune.info,1-(752)305-1778,
855,Emily,Porter,jessica@agimba.net,3-(144)078-1496,04/29/2014
856,Marilyn,Sullivan,anna@mynte.name,3-(993)667-6181,
857,Sarah,Moore,phyllis@livez.edu,1-(240)611-6373,
858,Michelle,Simpson,rose@zoomlounge.edu,6-(317)052-9790,
859,Betty,Stewart,heather@shuffletag.com,8-(888)749-5627,04/21/2014
860,Lillian,Collins,teresa@thoughtstorm.edu,1-(889)291-8213,
861,Sara,Hicks,jennifer@livetube.name,9-(778)721-6489,05/03/2014
862,Janet,Rice,diane@livez.gov,7-(577)244-1500,
863,Theresa,Bowman,theresa@zoonder.biz,3-(691)984-2441,
864,Rose,Stone,julia@camimbo.org,7-(047)679-5687,04/26/2014
865,Marilyn,Cook,diana@twimbo.com,1-(320)736-8477,
866,Judith,Powell,amanda@linkbuzz.biz,3-(210)472-6909,
867,Julie,Owens,janice@thoughtblab.net,6-(664)981-9521,
868,Nancy,Richards,gloria@chatterbridge.name,9-(150)437-8921,
869,Tammy,Martinez,judith@tagchat.com,4-(000)067-6509,
870,Helen,West,elizabeth@yabox.com,2-(053)783-5987,
871,Alice,Ramos,anne@linktype.info,5-(149)950-1236,
872,Rachel,Arnold,debra@reallinks.gov,1-(200)129-3688,
873,Lisa,Payne,pamela@skyba.gov,4-(348)921-5595,
874,Marilyn,Myers,anne@reallinks.name,8-(228)464-5288,05/04/2014
875,Kathryn,Ortiz,sara@feedfire.biz,7-(268)164-2352,
876,Frances,Jackson,cynthia@gabtype.edu,5-(741)230-1903,
877,Janice,Fox,jean@skipfire.info,8-(291)338-4386,05/08/2014
878,Amy,Mcdonald,sara@mydo.mil,0-(394)816-8072,
879,Lisa,Cunningham,heather@photolist.name,2-(365)603-5433,
880,Wanda,Perkins,gloria@feedmix.gov,3-(425)881-3358,
881,Shirley,Bryant,betty@yodo.net,0-(969)312-0266,04/04/2014
882,Ruth,Alvarez,julie@cogilith.biz,3-(047)385-0162,
883,Mary,Payne,kimberly@bubblebox.com,9-(757)603-5230,
884,Rose,Powell,kimberly@voomm.gov,8-(177)270-3652,
885,Marie,Ferguson,lois@jabberstorm.mil,9-(175)493-0760,04/20/2014
886,Stephanie,Harrison,carolyn@innoz.biz,3-(939)255-8027,04/08/2014
887,Melissa,Hunt,michelle@rhynoodle.com,4-(367)118-7203,
888,Beverly,Sanders,maria@jabbertype.name,6-(204)715-7784,
889,Amy,Murray,annie@skaboo.gov,1-(976)892-8837,03/26/2014
890,Rose,Lee,sarah@mita.mil,9-(871)920-2609,
891,Catherine,Kennedy,ruth@topicblab.edu,9-(998)249-4435,
892,Jacqueline,Thomas,amanda@divape.net,1-(693)580-6778,
893,Sara,Cruz,lori@wikizz.gov,0-(228)947-0698,
894,Barbara,Arnold,ashley@twimbo.mil,7-(552)561-6442,
895,Alice,Robertson,amanda@topiczoom.net,3-(731)732-3369,
896,Evelyn,Myers,susan@wikizz.org,2-(162)368-2659,
897,Ashley,Ward,michelle@zoomdog.mil,4-(639)540-7839,04/07/2014
898,Patricia,Coleman,donna@skinder.edu,7-(707)357-5319,
899,Christine,Davis,evelyn@roomm.edu,8-(898)880-4475,
900,Sandra,Carroll,jean@mycat.edu,1-(806)551-4915,
901,Angela,Henry,teresa@browsetype.biz,7-(143)139-5763,04/24/2014
902,Dorothy,George,amy@twimbo.net,1-(874)587-0838,
903,Nicole,Reid,anne@oba.org,3-(562)562-1473,
904,Tina,Ramirez,rebecca@linkbuzz.info,9-(709)769-5494,
905,Louise,Hudson,joyce@flashdog.mil,5-(414)823-7116,
906,Carol,Palmer,phyllis@youspan.edu,2-(881)588-7365,
907,Cheryl,Cole,amanda@linktype.gov,8-(931)299-4807,04/27/2014
908,Sarah,Gilbert,brenda@dabvine.mil,4-(972)241-2277,04/14/2014
909,Marie,Graham,jennifer@pixoboo.net,9-(055)450-3410,05/02/2014
910,Kathryn,Day,debra@tanoodle.mil,0-(686)772-9306,04/24/2014
911,Joyce,Olson,sarah@centidel.info,0-(312)089-0006,05/08/2014
912,Alice,Ross,judy@vitz.info,1-(358)697-6427,05/02/2014
913,Gloria,Gonzalez,doris@fivebridge.info,4-(654)975-1102,05/12/2014
914,Ruth,Smith,catherine@yombu.edu,8-(141)536-6667,
915,Kimberly,Johnson,sharon@kwideo.gov,1-(456)740-7418,05/11/2014
916,Elizabeth,Clark,karen@chatterpoint.net,1-(001)906-3417,
917,Lillian,Franklin,mildred@jetwire.net,7-(253)575-5006,05/03/2014
918,Andrea,Andrews,brenda@vinte.biz,6-(830)474-9249,
919,Maria,Reed,jennifer@latz.biz,3-(245)334-2197,
920,Jennifer,James,donna@dazzlesphere.name,4-(326)583-2627,
921,Barbara,Powell,angela@youspan.biz,0-(775)300-4064,
922,Marie,Wheeler,janet@leenti.info,3-(652)005-5027,
923,Melissa,Collins,sandra@gabvine.gov,2-(754)560-5014,
924,Denise,Carr,irene@flashdog.com,1-(199)007-2103,
925,Wanda,Chavez,rachel@twitternation.name,0-(669)619-1819,
926,Lori,Harrison,ann@voonix.net,9-(470)904-7936,
927,Catherine,Gray,brenda@yabox.com,6-(733)582-7350,04/27/2014
928,Jacqueline,Mills,rose@realmix.name,2-(668)803-4892,
929,Heather,Gordon,sharon@thoughtblab.net,4-(825)618-6344,
930,Donna,Medina,lois@topicware.net,4-(395)620-4657,03/25/2014
931,Michelle,Gomez,donna@voonder.org,9-(078)885-9157,
932,Debra,Peters,amy@meevee.org,4-(082)518-8487,
933,Denise,Bennett,marilyn@zooveo.gov,0-(597)069-2237,
934,Deborah,Robertson,margaret@dynava.mil,9-(520)516-8729,04/09/2014
935,Angela,Collins,denise@meetz.org,7-(486)738-0307,
936,Julie,Carpenter,louise@brightdog.name,2-(148)757-3724,
937,Martha,Ward,sharon@jayo.mil,5-(745)419-8711,
938,Evelyn,Willis,alice@gigazoom.gov,5-(777)868-3402,
939,Jane,Gonzalez,barbara@meetz.gov,5-(077)922-6850,
940,Gloria,Schmidt,virginia@yotz.info,6-(957)501-3326,05/16/2014
941,Katherine,Carr,michelle@vipe.net,4-(001)303-5952,04/24/2014
942,Annie,Kelley,jane@bluezoom.net,2-(103)741-5263,
943,Susan,Wilson,jennifer@flipopia.com,0-(206)453-5472,
944,Karen,Ross,susan@camimbo.biz,3-(397)624-7350,
945,Stephanie,Martin,sandra@feedspan.org,7-(798)731-8182,
946,Karen,Cole,judy@teklist.mil,4-(632)374-7247,
947,Andrea,Bell,doris@cogidoo.com,7-(263)701-2387,
948,Cynthia,Burns,gloria@rhyloo.com,5-(603)323-5019,
949,Phyllis,Carpenter,anna@jaxworks.gov,6-(320)284-6882,
950,Carolyn,Banks,joan@avamm.edu,9-(173)944-6618,
951,Kathryn,Johnson,catherine@skilith.org,6-(825)098-5502,
952,Janet,Frazier,julie@kimia.info,4-(161)527-3636,
953,Kelly,Murphy,christina@youbridge.info,0-(990)221-8332,
954,Elizabeth,Ray,kathy@roomm.biz,6-(258)836-9093,
955,Joan,Greene,tina@abatz.net,2-(863)287-6002,
956,Rose,Long,diane@camido.name,8-(858)043-6174,
957,Theresa,Martinez,helen@wikizz.net,5-(906)770-3250,
958,Cynthia,Simpson,carolyn@agimba.info,7-(873)675-3206,
959,Anne,Hamilton,louise@jaxworks.com,1-(236)928-4223,
960,Cynthia,Schmidt,jacqueline@pixope.net,4-(723)084-9292,
961,Bonnie,Grant,lillian@rhycero.com,6-(208)584-1223,04/05/2014
962,Ruth,Robinson,gloria@fanoodle.mil,8-(495)832-8019,04/15/2014
963,Ann,Perkins,christina@blogpad.name,7-(071)493-0723,
964,Judy,Mitchell,anna@jetpulse.gov,9-(489)698-8801,
965,Cynthia,Roberts,bonnie@cogibox.com,5-(133)822-9908,
966,Martha,Allen,julia@skaboo.net,1-(165)148-1422,
967,Pamela,Lee,julia@katz.edu,8-(953)090-3352,
968,Christine,Hernandez,mary@jabbersphere.mil,2-(151)440-2837,
969,Marilyn,Peterson,ashley@brainverse.net,5-(788)874-7970,
970,Emily,Henry,carolyn@kamba.edu,7-(516)647-1126,
971,Paula,Gordon,nancy@eire.mil,8-(769)965-3202,
972,Barbara,King,judith@browsetype.net,9-(042)356-0460,
973,Denise,Martin,joan@zoozzy.gov,3-(976)032-3365,
974,Joan,Boyd,mildred@gigaclub.org,5-(385)955-7939,
975,Julia,Black,norma@skippad.info,7-(752)666-9516,
976,Donna,Nelson,nancy@eazzy.net,1-(893)378-7855,05/09/2014
977,Ruth,Hanson,betty@janyx.gov,2-(238)486-1663,
978,Robin,Nelson,carolyn@topiclounge.com,5-(892)096-4357,04/23/2014
979,Kathy,Schmidt,nicole@realpoint.com,6-(418)403-9348,
980,Anne,Warren,rachel@flashpoint.net,8-(483)405-1732,
981,Kelly,Scott,annie@eamia.edu,2-(936)438-3022,
982,Patricia,Holmes,kathryn@tagcat.net,5-(847)182-0369,
983,Kelly,Ortiz,amy@wikido.info,5-(948)318-9479,
984,Amanda,Howell,ruth@snaptags.mil,0-(371)370-5981,
985,Sarah,Mills,patricia@fivechat.gov,5-(389)088-9589,
986,Helen,Cooper,kathy@browsetype.mil,8-(941)066-5408,04/01/2014
987,Linda,Perry,margaret@mita.info,2-(568)717-9494,
988,Pamela,Nguyen,julie@jabbertype.biz,7-(931)886-3811,
989,Patricia,Taylor,melissa@youtags.org,2-(315)423-0521,05/02/2014
990,Phyllis,Knight,michelle@edgeclub.net,9-(882)990-0507,
991,Robin,Watkins,michelle@twinder.org,0-(690)143-5745,
992,Ann,Robertson,linda@buzzdog.net,9-(688)104-7703,04/19/2014
993,Norma,Adams,mary@oloo.com,3-(404)969-9027,05/08/2014
994,Frances,Johnston,joan@flashset.info,5-(697)360-7473,
995,Diana,Bishop,mary@wordtune.com,5-(346)790-2381,
996,Dorothy,Peters,melissa@trilia.org,4-(821)720-0311,
997,Emily,Graham,angela@yakidoo.org,2-(934)860-2304,
998,Brenda,Moreno,phyllis@mita.com,4-(134)549-9650,
999,Katherine,Walker,mary@linktype.edu,7-(263)270-8620,
1000,Christina,Clark,karen@kayveo.gov,3-(652)067-3654,
